{"cubes":[[[255,255,255],{"0":1,"1":0,"2":0,"3":0,"4":0,"5":1,"6":0,"7":0,"8":0,"9":0,"10":1,"11":0,"12":-58,"13":0,"14":12,"15":1}],[[255,0,0],{"0":1,"1":0,"2":0,"3":0,"4":0,"5":1,"6":0,"7":0,"8":0,"9":0,"10":1,"11":0,"12":2,"13":0,"14":0,"15":1}],[[0,0,255],{"0":1,"1":0,"2":0,"3":0,"4":0,"5":1,"6":0,"7":0,"8":0,"9":0,"10":1,"11":0,"12":2,"13":0,"14":24,"15":1}],[[0,0,255],{"0":1,"1":0,"2":0,"3":0,"4":0,"5":1,"6":0,"7":0,"8":0,"9":0,"10":1,"11":0,"12":-18,"13":0,"14":24,"15":1}],[[255,0,0],{"0":1,"1":0,"2":0,"3":0,"4":0,"5":1,"6":0,"7":0,"8":0,"9":0,"10":1,"11":0,"12":-18,"13":0,"14":0,"15":1}],[[255,255,255],{"0":1,"1":0,"2":0,"3":0,"4":0,"5":1,"6":0,"7":0,"8":0,"9":0,"10":1,"11":0,"12":-38,"13":0,"14":12,"15":1}],[[255,255,255],{"0":1,"1":0,"2":0,"3":0,"4":0,"5":1,"6":0,"7":0,"8":0,"9":0,"10":1,"11":0,"12":-58,"13":0,"14":12,"15":1}]],"camera":{"0":-0.9743700623512268,"1":-0.003925937693566084,"2":0.22491681575775146,"3":0,"4":0.22495107352733612,"5":-0.017005102708935738,"6":0.9742216467857361,"7":0,"8":-4.336808689942018e-19,"9":0.9998477101325989,"10":0.017452405765652657,"11":0,"12":0,"13":0,"14":-100,"15":1}}