{"cubes":[[[1,1,0],{"0":1,"1":0,"2":0,"3":0,"4":0,"5":1,"6":0,"7":0,"8":0,"9":0,"10":1,"11":0,"12":84,"13":0,"14":12,"15":1}],[[1,1,1],{"0":1,"1":0,"2":0,"3":0,"4":0,"5":1,"6":0,"7":0,"8":0,"9":0,"10":1,"11":0,"12":0,"13":0,"14":0,"15":1}],[[0,1,0],{"0":1,"1":0,"2":0,"3":0,"4":0,"5":1,"6":0,"7":0,"8":0,"9":0,"10":1,"11":0,"12":12,"13":0,"14":12,"15":1}],[[1,1,0],{"0":1,"1":0,"2":0,"3":0,"4":0,"5":1,"6":0,"7":0,"8":0,"9":0,"10":1,"11":0,"12":48,"13":0,"14":12,"15":1}],[[1,1,0],{"0":1,"1":0,"2":0,"3":0,"4":0,"5":1,"6":0,"7":0,"8":0,"9":0,"10":1,"11":0,"12":72,"13":0,"14":12,"15":1}]],"camera":{"0":-0.678619921207428,"1":-0.13779084384441376,"2":0.7214491367340088,"3":0,"4":0.729525625705719,"5":-0.2404557317495346,"6":0.6402918100357056,"7":0,"8":0.08525025099515915,"9":0.9608300924301147,"10":0.2636999785900116,"11":0,"12":0,"13":0,"14":-100,"15":1}}